mapa,algoritmo,iteraciones,agentes,fuegos_iniciales,supervivencia_media,supervivencia_std,tiempo_despeje_media,tiempo_despeje_std,tiempo_despeje_min,tiempo_despeje_max,bajas_medias
map1,BFS,80,200,3,0.24106249999999999,0.1550820398443304,44.342465753424655,17.88871399178993,15,101,151.7875
map1,Costo uniforme,80,200,3,0.246125,0.1566075781828702,45.013698630136986,18.137969038797017,15,105,150.775
map1,A*,80,200,3,0.246125,0.1566075781828702,45.013698630136986,18.137969038797017,15,105,150.775
map1,Greedy Best-First,80,200,3,0.24025,0.15643759624523557,44.534246575342465,18.065530554515522,15,104,151.95
map1,Genético,80,200,3,0.24106249999999999,0.1550820398443304,44.342465753424655,17.88871399178993,15,101,151.7875
map2,BFS,80,200,3,0.3584375,0.2231018297191904,51.38157894736842,20.946259558061534,6,99,128.3125
map2,Costo uniforme,80,200,3,0.3925,0.25356071851665735,52.11842105263158,21.13636178422588,6,99,121.5
map2,A*,80,200,3,0.3915,0.25300772990643006,52.0921052631579,21.123874412035274,6,99,121.7
map2,Greedy Best-First,80,200,3,0.3594375,0.2218763393612632,51.35526315789474,20.811986256237642,6,99,128.1125
map2,Genético,80,200,3,0.3584375,0.2231018297191904,51.38157894736842,20.946259558061534,6,99,128.3125
map3,BFS,80,200,3,0.3290625,0.24505113616435864,47.38157894736842,21.41150289307948,3,99,134.1875
map3,Costo uniforme,80,200,3,0.4675625,0.3251357980652766,46.671052631578945,19.823479787292467,3,83,106.4875
map3,A*,80,200,3,0.466875,0.3243956162200482,46.60526315789474,19.75049632953962,3,83,106.625
map3,Greedy Best-First,80,200,3,0.3286875,0.245168172390228,47.36842105263158,21.39211200747488,3,99,134.2625
map3,Genético,80,200,3,0.3290625,0.24505113616435864,47.38157894736842,21.41150289307948,3,99,134.1875
